{"cameraMode":{"drawMode":0,"name":"Shaded","section":"Shading Mode"},"sceneLighting":true,"audioPlay":false,"sceneViewState":{"m_AlwaysRefresh":false,"showFog":true,"showSkybox":true,"showFlares":true,"showImageEffects":true,"showParticleSystems":true,"showVisualEffectGraphs":true,"m_FxEnabled":true},"in2DMode":false,"pivot":{"x":-0.007236238569021225,"y":0.008620958775281906,"z":0.4179565906524658},"rotation":{"x":-0.07972151786088944,"y":-0.009871543385088444,"z":0.0007924098172225058,"w":-0.9967782497406006},"size":0.04011198505759239,"orthographic":true}