{"cameraMode":{"drawMode":0,"name":"Shaded","section":"Shading Mode"},"sceneLighting":true,"audioPlay":false,"sceneViewState":{"m_AlwaysRefresh":false,"showFog":true,"showSkybox":true,"showFlares":true,"showImageEffects":true,"showParticleSystems":true,"showVisualEffectGraphs":true,"m_FxEnabled":true},"in2DMode":false,"pivot":{"x":-0.0534781739115715,"y":-0.009442416951060295,"z":0.008365675806999207},"rotation":{"x":-0.0867084190249443,"y":0.20968574285507203,"z":-0.018664389848709108,"w":-0.9737593531608582},"size":0.25439131259918215,"orthographic":false}