{"cameraMode":{"drawMode":0,"name":"Shaded","section":"Shading Mode"},"sceneLighting":true,"audioPlay":false,"sceneViewState":{"m_AlwaysRefresh":false,"showFog":true,"showSkybox":true,"showFlares":true,"showImageEffects":true,"showParticleSystems":true,"showVisualEffectGraphs":true,"m_FxEnabled":true},"in2DMode":false,"pivot":{"x":0.25894099473953249,"y":0.12448989599943161,"z":-0.0015352964401245118},"rotation":{"x":-0.28720855712890627,"y":0.00344709400087595,"z":-0.0010272343643009663,"w":-0.95787513256073},"size":0.7071067690849304,"orthographic":true}